Text,Label
"Vaccines cause autism, according to a new conspiracy theory.",Rumor
A giant lizard was seen roaming the streets of Tokyo.,Rumor
A giant lizard was seen roaming the streets of Tokyo.,Rumor
A secret society controls world governments.,Rumor
A giant lizard was seen roaming the streets of Tokyo.,Rumor
A ghost was captured on camera in an abandoned hospital.,Rumor
The government is hiding evidence of time travel experiments.,Rumor
A secret society controls world governments.,Rumor
A ghost was captured on camera in an abandoned hospital.,Rumor
The government is hiding evidence of time travel experiments.,Rumor
The government is hiding evidence of time travel experiments.,Rumor
A ghost was captured on camera in an abandoned hospital.,Rumor
"Vaccines cause autism, according to a new conspiracy theory.",Rumor
New study proves the Earth is flat.,Rumor
Aliens spotted in New York City!,Rumor
"Vaccines cause autism, according to a new conspiracy theory.",Rumor
A secret society controls world governments.,Rumor
A giant lizard was seen roaming the streets of Tokyo.,Rumor
A secret society controls world governments.,Rumor
Drinking bleach can protect against COVID-19.,Rumor
"Eating carrots cures cancer, scientists say.",Rumor
A secret society controls world governments.,Rumor
"Eating carrots cures cancer, scientists say.",Rumor
Drinking bleach can protect against COVID-19.,Rumor
Elvis Presley found alive in a remote island.,Rumor
A secret society controls world governments.,Rumor
A giant lizard was seen roaming the streets of Tokyo.,Rumor
The government is hiding evidence of time travel experiments.,Rumor
Aliens spotted in New York City!,Rumor
A secret society controls world governments.,Rumor
Elvis Presley found alive in a remote island.,Rumor
New study proves the Earth is flat.,Rumor
The government is hiding evidence of time travel experiments.,Rumor
"Eating carrots cures cancer, scientists say.",Rumor
A giant lizard was seen roaming the streets of Tokyo.,Rumor
A giant lizard was seen roaming the streets of Tokyo.,Rumor
New study proves the Earth is flat.,Rumor
A ghost was captured on camera in an abandoned hospital.,Rumor
"Eating carrots cures cancer, scientists say.",Rumor
Aliens spotted in New York City!,Rumor
"Vaccines cause autism, according to a new conspiracy theory.",Rumor
Drinking bleach can protect against COVID-19.,Rumor
A giant lizard was seen roaming the streets of Tokyo.,Rumor
Drinking bleach can protect against COVID-19.,Rumor
A ghost was captured on camera in an abandoned hospital.,Rumor
New study proves the Earth is flat.,Rumor
"Vaccines cause autism, according to a new conspiracy theory.",Rumor
A giant lizard was seen roaming the streets of Tokyo.,Rumor
A ghost was captured on camera in an abandoned hospital.,Rumor
Aliens spotted in New York City!,Rumor
"Vaccines cause autism, according to a new conspiracy theory.",Rumor
Aliens spotted in New York City!,Rumor
"Eating carrots cures cancer, scientists say.",Rumor
A ghost was captured on camera in an abandoned hospital.,Rumor
Aliens spotted in New York City!,Rumor
The government is hiding evidence of time travel experiments.,Rumor
Elvis Presley found alive in a remote island.,Rumor
"Eating carrots cures cancer, scientists say.",Rumor
"Eating carrots cures cancer, scientists say.",Rumor
A secret society controls world governments.,Rumor
"Vaccines cause autism, according to a new conspiracy theory.",Rumor
A secret society controls world governments.,Rumor
A giant lizard was seen roaming the streets of Tokyo.,Rumor
New study proves the Earth is flat.,Rumor
"Eating carrots cures cancer, scientists say.",Rumor
A giant lizard was seen roaming the streets of Tokyo.,Rumor
Drinking bleach can protect against COVID-19.,Rumor
A secret society controls world governments.,Rumor
A ghost was captured on camera in an abandoned hospital.,Rumor
A secret society controls world governments.,Rumor
"Vaccines cause autism, according to a new conspiracy theory.",Rumor
Drinking bleach can protect against COVID-19.,Rumor
Elvis Presley found alive in a remote island.,Rumor
Aliens spotted in New York City!,Rumor
"Eating carrots cures cancer, scientists say.",Rumor
The government is hiding evidence of time travel experiments.,Rumor
Elvis Presley found alive in a remote island.,Rumor
A giant lizard was seen roaming the streets of Tokyo.,Rumor
"Vaccines cause autism, according to a new conspiracy theory.",Rumor
Elvis Presley found alive in a remote island.,Rumor
"Vaccines cause autism, according to a new conspiracy theory.",Rumor
New study proves the Earth is flat.,Rumor
The government is hiding evidence of time travel experiments.,Rumor
A secret society controls world governments.,Rumor
A giant lizard was seen roaming the streets of Tokyo.,Rumor
New study proves the Earth is flat.,Rumor
A secret society controls world governments.,Rumor
"Eating carrots cures cancer, scientists say.",Rumor
A ghost was captured on camera in an abandoned hospital.,Rumor
A giant lizard was seen roaming the streets of Tokyo.,Rumor
"Eating carrots cures cancer, scientists say.",Rumor
The government is hiding evidence of time travel experiments.,Rumor
Aliens spotted in New York City!,Rumor
A ghost was captured on camera in an abandoned hospital.,Rumor
Elvis Presley found alive in a remote island.,Rumor
"Vaccines cause autism, according to a new conspiracy theory.",Rumor
Elvis Presley found alive in a remote island.,Rumor
A secret society controls world governments.,Rumor
A giant lizard was seen roaming the streets of Tokyo.,Rumor
Aliens spotted in New York City!,Rumor
The government is hiding evidence of time travel experiments.,Rumor
Drinking bleach can protect against COVID-19.,Rumor
New study proves the Earth is flat.,Rumor
Elvis Presley found alive in a remote island.,Rumor
Elvis Presley found alive in a remote island.,Rumor
The government is hiding evidence of time travel experiments.,Rumor
The government is hiding evidence of time travel experiments.,Rumor
Aliens spotted in New York City!,Rumor
Elvis Presley found alive in a remote island.,Rumor
New study proves the Earth is flat.,Rumor
"Vaccines cause autism, according to a new conspiracy theory.",Rumor
Aliens spotted in New York City!,Rumor
"Eating carrots cures cancer, scientists say.",Rumor
A secret society controls world governments.,Rumor
The government is hiding evidence of time travel experiments.,Rumor
The government is hiding evidence of time travel experiments.,Rumor
A ghost was captured on camera in an abandoned hospital.,Rumor
A secret society controls world governments.,Rumor
A secret society controls world governments.,Rumor
The government is hiding evidence of time travel experiments.,Rumor
Aliens spotted in New York City!,Rumor
New study proves the Earth is flat.,Rumor
A secret society controls world governments.,Rumor
Drinking bleach can protect against COVID-19.,Rumor
Drinking bleach can protect against COVID-19.,Rumor
"Eating carrots cures cancer, scientists say.",Rumor
New study proves the Earth is flat.,Rumor
"Vaccines cause autism, according to a new conspiracy theory.",Rumor
A secret society controls world governments.,Rumor
The government is hiding evidence of time travel experiments.,Rumor
A ghost was captured on camera in an abandoned hospital.,Rumor
"Vaccines cause autism, according to a new conspiracy theory.",Rumor
"Eating carrots cures cancer, scientists say.",Rumor
"Vaccines cause autism, according to a new conspiracy theory.",Rumor
"Vaccines cause autism, according to a new conspiracy theory.",Rumor
New study proves the Earth is flat.,Rumor
"Vaccines cause autism, according to a new conspiracy theory.",Rumor
"Eating carrots cures cancer, scientists say.",Rumor
Elvis Presley found alive in a remote island.,Rumor
A secret society controls world governments.,Rumor
A secret society controls world governments.,Rumor
Aliens spotted in New York City!,Rumor
Aliens spotted in New York City!,Rumor
New study proves the Earth is flat.,Rumor
Drinking bleach can protect against COVID-19.,Rumor
A ghost was captured on camera in an abandoned hospital.,Rumor
"Eating carrots cures cancer, scientists say.",Rumor
A ghost was captured on camera in an abandoned hospital.,Rumor
New study proves the Earth is flat.,Rumor
Drinking bleach can protect against COVID-19.,Rumor
Aliens spotted in New York City!,Rumor
A ghost was captured on camera in an abandoned hospital.,Rumor
A ghost was captured on camera in an abandoned hospital.,Rumor
"Vaccines cause autism, according to a new conspiracy theory.",Rumor
New study proves the Earth is flat.,Rumor
Elvis Presley found alive in a remote island.,Rumor
"Eating carrots cures cancer, scientists say.",Rumor
"Vaccines cause autism, according to a new conspiracy theory.",Rumor
Elvis Presley found alive in a remote island.,Rumor
"Vaccines cause autism, according to a new conspiracy theory.",Rumor
A ghost was captured on camera in an abandoned hospital.,Rumor
Elvis Presley found alive in a remote island.,Rumor
The government is hiding evidence of time travel experiments.,Rumor
New study proves the Earth is flat.,Rumor
"Eating carrots cures cancer, scientists say.",Rumor
"Vaccines cause autism, according to a new conspiracy theory.",Rumor
"Eating carrots cures cancer, scientists say.",Rumor
Elvis Presley found alive in a remote island.,Rumor
"Eating carrots cures cancer, scientists say.",Rumor
A secret society controls world governments.,Rumor
"Eating carrots cures cancer, scientists say.",Rumor
A secret society controls world governments.,Rumor
Aliens spotted in New York City!,Rumor
"Eating carrots cures cancer, scientists say.",Rumor
Elvis Presley found alive in a remote island.,Rumor
A giant lizard was seen roaming the streets of Tokyo.,Rumor
A ghost was captured on camera in an abandoned hospital.,Rumor
"Eating carrots cures cancer, scientists say.",Rumor
Drinking bleach can protect against COVID-19.,Rumor
Elvis Presley found alive in a remote island.,Rumor
Drinking bleach can protect against COVID-19.,Rumor
Elvis Presley found alive in a remote island.,Rumor
Aliens spotted in New York City!,Rumor
Elvis Presley found alive in a remote island.,Rumor
A ghost was captured on camera in an abandoned hospital.,Rumor
New study proves the Earth is flat.,Rumor
A giant lizard was seen roaming the streets of Tokyo.,Rumor
Aliens spotted in New York City!,Rumor
A giant lizard was seen roaming the streets of Tokyo.,Rumor
The government is hiding evidence of time travel experiments.,Rumor
Elvis Presley found alive in a remote island.,Rumor
"Eating carrots cures cancer, scientists say.",Rumor
Elvis Presley found alive in a remote island.,Rumor
A giant lizard was seen roaming the streets of Tokyo.,Rumor
"Eating carrots cures cancer, scientists say.",Rumor
The government is hiding evidence of time travel experiments.,Rumor
"Eating carrots cures cancer, scientists say.",Rumor
Elvis Presley found alive in a remote island.,Rumor
"Eating carrots cures cancer, scientists say.",Rumor
Elvis Presley found alive in a remote island.,Rumor
New study proves the Earth is flat.,Rumor
A giant lizard was seen roaming the streets of Tokyo.,Rumor
New study proves the Earth is flat.,Rumor
A ghost was captured on camera in an abandoned hospital.,Rumor
Drinking bleach can protect against COVID-19.,Rumor
A secret society controls world governments.,Rumor
"Eating carrots cures cancer, scientists say.",Rumor
Drinking bleach can protect against COVID-19.,Rumor
A giant lizard was seen roaming the streets of Tokyo.,Rumor
"Vaccines cause autism, according to a new conspiracy theory.",Rumor
"Eating carrots cures cancer, scientists say.",Rumor
A secret society controls world governments.,Rumor
Elvis Presley found alive in a remote island.,Rumor
Elvis Presley found alive in a remote island.,Rumor
New study proves the Earth is flat.,Rumor
Drinking bleach can protect against COVID-19.,Rumor
A secret society controls world governments.,Rumor
A ghost was captured on camera in an abandoned hospital.,Rumor
Drinking bleach can protect against COVID-19.,Rumor
A ghost was captured on camera in an abandoned hospital.,Rumor
A secret society controls world governments.,Rumor
A ghost was captured on camera in an abandoned hospital.,Rumor
"Vaccines cause autism, according to a new conspiracy theory.",Rumor
Aliens spotted in New York City!,Rumor
Elvis Presley found alive in a remote island.,Rumor
Aliens spotted in New York City!,Rumor
New study proves the Earth is flat.,Rumor
"Eating carrots cures cancer, scientists say.",Rumor
A giant lizard was seen roaming the streets of Tokyo.,Rumor
New study proves the Earth is flat.,Rumor
New study proves the Earth is flat.,Rumor
A ghost was captured on camera in an abandoned hospital.,Rumor
"Eating carrots cures cancer, scientists say.",Rumor
"Vaccines cause autism, according to a new conspiracy theory.",Rumor
"Vaccines cause autism, according to a new conspiracy theory.",Rumor
The government is hiding evidence of time travel experiments.,Rumor
Aliens spotted in New York City!,Rumor
A ghost was captured on camera in an abandoned hospital.,Rumor
"Eating carrots cures cancer, scientists say.",Rumor
A giant lizard was seen roaming the streets of Tokyo.,Rumor
Aliens spotted in New York City!,Rumor
A ghost was captured on camera in an abandoned hospital.,Rumor
A ghost was captured on camera in an abandoned hospital.,Rumor
A ghost was captured on camera in an abandoned hospital.,Rumor
A ghost was captured on camera in an abandoned hospital.,Rumor
Drinking bleach can protect against COVID-19.,Rumor
The government is hiding evidence of time travel experiments.,Rumor
The government is hiding evidence of time travel experiments.,Rumor
A ghost was captured on camera in an abandoned hospital.,Rumor
"Eating carrots cures cancer, scientists say.",Rumor
"Eating carrots cures cancer, scientists say.",Rumor
New study proves the Earth is flat.,Rumor
Aliens spotted in New York City!,Rumor
"Eating carrots cures cancer, scientists say.",Rumor
The government is hiding evidence of time travel experiments.,Rumor
A secret society controls world governments.,Rumor
A giant lizard was seen roaming the streets of Tokyo.,Rumor
"Eating carrots cures cancer, scientists say.",Rumor
New study proves the Earth is flat.,Rumor
The government is hiding evidence of time travel experiments.,Rumor
A ghost was captured on camera in an abandoned hospital.,Rumor
New study proves the Earth is flat.,Rumor
Drinking bleach can protect against COVID-19.,Rumor
The government is hiding evidence of time travel experiments.,Rumor
Elvis Presley found alive in a remote island.,Rumor
Drinking bleach can protect against COVID-19.,Rumor
Elvis Presley found alive in a remote island.,Rumor
The government is hiding evidence of time travel experiments.,Rumor
Elvis Presley found alive in a remote island.,Rumor
New study proves the Earth is flat.,Rumor
New study proves the Earth is flat.,Rumor
A giant lizard was seen roaming the streets of Tokyo.,Rumor
New study proves the Earth is flat.,Rumor
Elvis Presley found alive in a remote island.,Rumor
Aliens spotted in New York City!,Rumor
Elvis Presley found alive in a remote island.,Rumor
"Eating carrots cures cancer, scientists say.",Rumor
A secret society controls world governments.,Rumor
"Eating carrots cures cancer, scientists say.",Rumor
The government is hiding evidence of time travel experiments.,Rumor
The government is hiding evidence of time travel experiments.,Rumor
New study proves the Earth is flat.,Rumor
"Eating carrots cures cancer, scientists say.",Rumor
Elvis Presley found alive in a remote island.,Rumor
The government is hiding evidence of time travel experiments.,Rumor
"Vaccines cause autism, according to a new conspiracy theory.",Rumor
"Vaccines cause autism, according to a new conspiracy theory.",Rumor
A giant lizard was seen roaming the streets of Tokyo.,Rumor
"Vaccines cause autism, according to a new conspiracy theory.",Rumor
"Eating carrots cures cancer, scientists say.",Rumor
Elvis Presley found alive in a remote island.,Rumor
Drinking bleach can protect against COVID-19.,Rumor
A secret society controls world governments.,Rumor
New study proves the Earth is flat.,Rumor
"Eating carrots cures cancer, scientists say.",Rumor
A giant lizard was seen roaming the streets of Tokyo.,Rumor
New study proves the Earth is flat.,Rumor
Elvis Presley found alive in a remote island.,Rumor
Aliens spotted in New York City!,Rumor
The government is hiding evidence of time travel experiments.,Rumor
A giant lizard was seen roaming the streets of Tokyo.,Rumor
Elvis Presley found alive in a remote island.,Rumor
"Eating carrots cures cancer, scientists say.",Rumor
"Eating carrots cures cancer, scientists say.",Rumor
A ghost was captured on camera in an abandoned hospital.,Rumor
A giant lizard was seen roaming the streets of Tokyo.,Rumor
New study proves the Earth is flat.,Rumor
A ghost was captured on camera in an abandoned hospital.,Rumor
A giant lizard was seen roaming the streets of Tokyo.,Rumor
"Eating carrots cures cancer, scientists say.",Rumor
A ghost was captured on camera in an abandoned hospital.,Rumor
A secret society controls world governments.,Rumor
Elvis Presley found alive in a remote island.,Rumor
A secret society controls world governments.,Rumor
Drinking bleach can protect against COVID-19.,Rumor
New study proves the Earth is flat.,Rumor
A giant lizard was seen roaming the streets of Tokyo.,Rumor
New study proves the Earth is flat.,Rumor
The government is hiding evidence of time travel experiments.,Rumor
"Vaccines cause autism, according to a new conspiracy theory.",Rumor
"Eating carrots cures cancer, scientists say.",Rumor
A secret society controls world governments.,Rumor
A secret society controls world governments.,Rumor
New study proves the Earth is flat.,Rumor
A giant lizard was seen roaming the streets of Tokyo.,Rumor
Drinking bleach can protect against COVID-19.,Rumor
New study proves the Earth is flat.,Rumor
Drinking bleach can protect against COVID-19.,Rumor
Aliens spotted in New York City!,Rumor
"Vaccines cause autism, according to a new conspiracy theory.",Rumor
The government is hiding evidence of time travel experiments.,Rumor
The government is hiding evidence of time travel experiments.,Rumor
Aliens spotted in New York City!,Rumor
"Eating carrots cures cancer, scientists say.",Rumor
Drinking bleach can protect against COVID-19.,Rumor
Aliens spotted in New York City!,Rumor
"Eating carrots cures cancer, scientists say.",Rumor
The government is hiding evidence of time travel experiments.,Rumor
A secret society controls world governments.,Rumor
"Eating carrots cures cancer, scientists say.",Rumor
Elvis Presley found alive in a remote island.,Rumor
A giant lizard was seen roaming the streets of Tokyo.,Rumor
Elvis Presley found alive in a remote island.,Rumor
"Vaccines cause autism, according to a new conspiracy theory.",Rumor
A ghost was captured on camera in an abandoned hospital.,Rumor
Drinking bleach can protect against COVID-19.,Rumor
Drinking bleach can protect against COVID-19.,Rumor
Drinking bleach can protect against COVID-19.,Rumor
A ghost was captured on camera in an abandoned hospital.,Rumor
A secret society controls world governments.,Rumor
"Vaccines cause autism, according to a new conspiracy theory.",Rumor
"Eating carrots cures cancer, scientists say.",Rumor
The government is hiding evidence of time travel experiments.,Rumor
A giant lizard was seen roaming the streets of Tokyo.,Rumor
Drinking bleach can protect against COVID-19.,Rumor
A giant lizard was seen roaming the streets of Tokyo.,Rumor
"Vaccines cause autism, according to a new conspiracy theory.",Rumor
A giant lizard was seen roaming the streets of Tokyo.,Rumor
Elvis Presley found alive in a remote island.,Rumor
Drinking bleach can protect against COVID-19.,Rumor
Elvis Presley found alive in a remote island.,Rumor
The government is hiding evidence of time travel experiments.,Rumor
Drinking bleach can protect against COVID-19.,Rumor
The government is hiding evidence of time travel experiments.,Rumor
New study proves the Earth is flat.,Rumor
New study proves the Earth is flat.,Rumor
A ghost was captured on camera in an abandoned hospital.,Rumor
A giant lizard was seen roaming the streets of Tokyo.,Rumor
New study proves the Earth is flat.,Rumor
Elvis Presley found alive in a remote island.,Rumor
Aliens spotted in New York City!,Rumor
"Eating carrots cures cancer, scientists say.",Rumor
New study proves the Earth is flat.,Rumor
Aliens spotted in New York City!,Rumor
New study proves the Earth is flat.,Rumor
"Vaccines cause autism, according to a new conspiracy theory.",Rumor
New study proves the Earth is flat.,Rumor
"Eating carrots cures cancer, scientists say.",Rumor
A giant lizard was seen roaming the streets of Tokyo.,Rumor
The government is hiding evidence of time travel experiments.,Rumor
"Eating carrots cures cancer, scientists say.",Rumor
A ghost was captured on camera in an abandoned hospital.,Rumor
"Vaccines cause autism, according to a new conspiracy theory.",Rumor
Aliens spotted in New York City!,Rumor
"Eating carrots cures cancer, scientists say.",Rumor
Elvis Presley found alive in a remote island.,Rumor
A ghost was captured on camera in an abandoned hospital.,Rumor
"Eating carrots cures cancer, scientists say.",Rumor
Elvis Presley found alive in a remote island.,Rumor
Elvis Presley found alive in a remote island.,Rumor
"Vaccines cause autism, according to a new conspiracy theory.",Rumor
"Eating carrots cures cancer, scientists say.",Rumor
"Eating carrots cures cancer, scientists say.",Rumor
Aliens spotted in New York City!,Rumor
A ghost was captured on camera in an abandoned hospital.,Rumor
A ghost was captured on camera in an abandoned hospital.,Rumor
A secret society controls world governments.,Rumor
Elvis Presley found alive in a remote island.,Rumor
New study proves the Earth is flat.,Rumor
"Vaccines cause autism, according to a new conspiracy theory.",Rumor
New study proves the Earth is flat.,Rumor
A giant lizard was seen roaming the streets of Tokyo.,Rumor
"Eating carrots cures cancer, scientists say.",Rumor
Drinking bleach can protect against COVID-19.,Rumor
The government is hiding evidence of time travel experiments.,Rumor
"Vaccines cause autism, according to a new conspiracy theory.",Rumor
Drinking bleach can protect against COVID-19.,Rumor
Drinking bleach can protect against COVID-19.,Rumor
New study proves the Earth is flat.,Rumor
New study proves the Earth is flat.,Rumor
"Vaccines cause autism, according to a new conspiracy theory.",Rumor
New study proves the Earth is flat.,Rumor
New study proves the Earth is flat.,Rumor
The government is hiding evidence of time travel experiments.,Rumor
Aliens spotted in New York City!,Rumor
"Eating carrots cures cancer, scientists say.",Rumor
New study proves the Earth is flat.,Rumor
A secret society controls world governments.,Rumor
"Vaccines cause autism, according to a new conspiracy theory.",Rumor
"Eating carrots cures cancer, scientists say.",Rumor
"Eating carrots cures cancer, scientists say.",Rumor
A giant lizard was seen roaming the streets of Tokyo.,Rumor
Drinking bleach can protect against COVID-19.,Rumor
New study proves the Earth is flat.,Rumor
"Eating carrots cures cancer, scientists say.",Rumor
The government is hiding evidence of time travel experiments.,Rumor
Drinking bleach can protect against COVID-19.,Rumor
The government is hiding evidence of time travel experiments.,Rumor
The government is hiding evidence of time travel experiments.,Rumor
Elvis Presley found alive in a remote island.,Rumor
A giant lizard was seen roaming the streets of Tokyo.,Rumor
"Eating carrots cures cancer, scientists say.",Rumor
"Vaccines cause autism, according to a new conspiracy theory.",Rumor
The government is hiding evidence of time travel experiments.,Rumor
"Eating carrots cures cancer, scientists say.",Rumor
A secret society controls world governments.,Rumor
New study proves the Earth is flat.,Rumor
Elvis Presley found alive in a remote island.,Rumor
Elvis Presley found alive in a remote island.,Rumor
"Eating carrots cures cancer, scientists say.",Rumor
"Vaccines cause autism, according to a new conspiracy theory.",Rumor
"Vaccines cause autism, according to a new conspiracy theory.",Rumor
The government is hiding evidence of time travel experiments.,Rumor
Elvis Presley found alive in a remote island.,Rumor
"Eating carrots cures cancer, scientists say.",Rumor
Drinking bleach can protect against COVID-19.,Rumor
A ghost was captured on camera in an abandoned hospital.,Rumor
"Eating carrots cures cancer, scientists say.",Rumor
Drinking bleach can protect against COVID-19.,Rumor
The government is hiding evidence of time travel experiments.,Rumor
A secret society controls world governments.,Rumor
The government is hiding evidence of time travel experiments.,Rumor
New study proves the Earth is flat.,Rumor
The government is hiding evidence of time travel experiments.,Rumor
"Vaccines cause autism, according to a new conspiracy theory.",Rumor
The government is hiding evidence of time travel experiments.,Rumor
A secret society controls world governments.,Rumor
Drinking bleach can protect against COVID-19.,Rumor
"Eating carrots cures cancer, scientists say.",Rumor
Drinking bleach can protect against COVID-19.,Rumor
A giant lizard was seen roaming the streets of Tokyo.,Rumor
A secret society controls world governments.,Rumor
"Eating carrots cures cancer, scientists say.",Rumor
A secret society controls world governments.,Rumor
Drinking bleach can protect against COVID-19.,Rumor
New study proves the Earth is flat.,Rumor
Elvis Presley found alive in a remote island.,Rumor
A ghost was captured on camera in an abandoned hospital.,Rumor
A ghost was captured on camera in an abandoned hospital.,Rumor
Aliens spotted in New York City!,Rumor
A secret society controls world governments.,Rumor
Elvis Presley found alive in a remote island.,Rumor
A ghost was captured on camera in an abandoned hospital.,Rumor
Elvis Presley found alive in a remote island.,Rumor
Drinking bleach can protect against COVID-19.,Rumor
"Eating carrots cures cancer, scientists say.",Rumor
New study proves the Earth is flat.,Rumor
A giant lizard was seen roaming the streets of Tokyo.,Rumor
The government is hiding evidence of time travel experiments.,Rumor
"Eating carrots cures cancer, scientists say.",Rumor
Drinking bleach can protect against COVID-19.,Rumor
The government is hiding evidence of time travel experiments.,Rumor
Aliens spotted in New York City!,Rumor
Aliens spotted in New York City!,Rumor
Aliens spotted in New York City!,Rumor
Aliens spotted in New York City!,Rumor
New study proves the Earth is flat.,Rumor
A giant lizard was seen roaming the streets of Tokyo.,Rumor
Elvis Presley found alive in a remote island.,Rumor
New study proves the Earth is flat.,Rumor
The government is hiding evidence of time travel experiments.,Rumor
A ghost was captured on camera in an abandoned hospital.,Rumor
Drinking bleach can protect against COVID-19.,Rumor
A secret society controls world governments.,Rumor
Elvis Presley found alive in a remote island.,Rumor
Drinking bleach can protect against COVID-19.,Rumor
Elvis Presley found alive in a remote island.,Rumor
Aliens spotted in New York City!,Rumor
"Vaccines cause autism, according to a new conspiracy theory.",Rumor
Aliens spotted in New York City!,Rumor
"Eating carrots cures cancer, scientists say.",Rumor
The government is hiding evidence of time travel experiments.,Rumor
Drinking bleach can protect against COVID-19.,Rumor
"Vaccines cause autism, according to a new conspiracy theory.",Rumor
A ghost was captured on camera in an abandoned hospital.,Rumor
New study proves the Earth is flat.,Rumor
"Eating carrots cures cancer, scientists say.",Rumor
"Vaccines cause autism, according to a new conspiracy theory.",Rumor
New study proves the Earth is flat.,Rumor
A secret society controls world governments.,Rumor
A ghost was captured on camera in an abandoned hospital.,Rumor
Drinking bleach can protect against COVID-19.,Rumor
"Eating carrots cures cancer, scientists say.",Rumor
Elvis Presley found alive in a remote island.,Rumor
A giant lizard was seen roaming the streets of Tokyo.,Rumor
A giant lizard was seen roaming the streets of Tokyo.,Rumor
A secret society controls world governments.,Rumor
New study proves the Earth is flat.,Rumor
The government is hiding evidence of time travel experiments.,Rumor
A secret society controls world governments.,Rumor
"Eating carrots cures cancer, scientists say.",Rumor
Aliens spotted in New York City!,Rumor
Elvis Presley found alive in a remote island.,Rumor
New study proves the Earth is flat.,Rumor
Aliens spotted in New York City!,Rumor
Aliens spotted in New York City!,Rumor
"Eating carrots cures cancer, scientists say.",Rumor
"Vaccines cause autism, according to a new conspiracy theory.",Rumor
New study proves the Earth is flat.,Rumor
"Eating carrots cures cancer, scientists say.",Rumor
"Eating carrots cures cancer, scientists say.",Rumor
"Eating carrots cures cancer, scientists say.",Rumor
New study proves the Earth is flat.,Rumor
Aliens spotted in New York City!,Rumor
Aliens spotted in New York City!,Rumor
A ghost was captured on camera in an abandoned hospital.,Rumor
Elvis Presley found alive in a remote island.,Rumor
Elvis Presley found alive in a remote island.,Rumor
A ghost was captured on camera in an abandoned hospital.,Rumor
Aliens spotted in New York City!,Rumor
Drinking bleach can protect against COVID-19.,Rumor
Elvis Presley found alive in a remote island.,Rumor
Drinking bleach can protect against COVID-19.,Rumor
Aliens spotted in New York City!,Rumor
A secret society controls world governments.,Rumor
The government is hiding evidence of time travel experiments.,Rumor
Elvis Presley found alive in a remote island.,Rumor
New study proves the Earth is flat.,Rumor
Aliens spotted in New York City!,Rumor
A ghost was captured on camera in an abandoned hospital.,Rumor
A giant lizard was seen roaming the streets of Tokyo.,Rumor
Elvis Presley found alive in a remote island.,Rumor
A ghost was captured on camera in an abandoned hospital.,Rumor
Elvis Presley found alive in a remote island.,Rumor
"Eating carrots cures cancer, scientists say.",Rumor
The government is hiding evidence of time travel experiments.,Rumor
"Eating carrots cures cancer, scientists say.",Rumor
"Eating carrots cures cancer, scientists say.",Rumor
A secret society controls world governments.,Rumor
A secret society controls world governments.,Rumor
A ghost was captured on camera in an abandoned hospital.,Rumor
Elvis Presley found alive in a remote island.,Rumor
Drinking bleach can protect against COVID-19.,Rumor
The government is hiding evidence of time travel experiments.,Rumor
"Eating carrots cures cancer, scientists say.",Rumor
"Eating carrots cures cancer, scientists say.",Rumor
A giant lizard was seen roaming the streets of Tokyo.,Rumor
Elvis Presley found alive in a remote island.,Rumor
"Vaccines cause autism, according to a new conspiracy theory.",Rumor
"Vaccines cause autism, according to a new conspiracy theory.",Rumor
The government is hiding evidence of time travel experiments.,Rumor
"Eating carrots cures cancer, scientists say.",Rumor
A ghost was captured on camera in an abandoned hospital.,Rumor
"Eating carrots cures cancer, scientists say.",Rumor
The government is hiding evidence of time travel experiments.,Rumor
The government is hiding evidence of time travel experiments.,Rumor
"Vaccines cause autism, according to a new conspiracy theory.",Rumor
Drinking bleach can protect against COVID-19.,Rumor
New study proves the Earth is flat.,Rumor
"Vaccines cause autism, according to a new conspiracy theory.",Rumor
Aliens spotted in New York City!,Rumor
The government is hiding evidence of time travel experiments.,Rumor
New study proves the Earth is flat.,Rumor
"Eating carrots cures cancer, scientists say.",Rumor
Aliens spotted in New York City!,Rumor
Drinking bleach can protect against COVID-19.,Rumor
A giant lizard was seen roaming the streets of Tokyo.,Rumor
New study proves the Earth is flat.,Rumor
Drinking bleach can protect against COVID-19.,Rumor
"Vaccines cause autism, according to a new conspiracy theory.",Rumor
New study proves the Earth is flat.,Rumor
Drinking bleach can protect against COVID-19.,Rumor
A ghost was captured on camera in an abandoned hospital.,Rumor
Elvis Presley found alive in a remote island.,Rumor
"Vaccines cause autism, according to a new conspiracy theory.",Rumor
A giant lizard was seen roaming the streets of Tokyo.,Rumor
A giant lizard was seen roaming the streets of Tokyo.,Rumor
Drinking bleach can protect against COVID-19.,Rumor
"Vaccines cause autism, according to a new conspiracy theory.",Rumor
A secret society controls world governments.,Rumor
New study proves the Earth is flat.,Rumor
Elvis Presley found alive in a remote island.,Rumor
"Eating carrots cures cancer, scientists say.",Rumor
A giant lizard was seen roaming the streets of Tokyo.,Rumor
Aliens spotted in New York City!,Rumor
Drinking bleach can protect against COVID-19.,Rumor
A secret society controls world governments.,Rumor
A giant lizard was seen roaming the streets of Tokyo.,Rumor
A ghost was captured on camera in an abandoned hospital.,Rumor
"Eating carrots cures cancer, scientists say.",Rumor
Aliens spotted in New York City!,Rumor
"Eating carrots cures cancer, scientists say.",Rumor
Aliens spotted in New York City!,Rumor
A ghost was captured on camera in an abandoned hospital.,Rumor
"Vaccines cause autism, according to a new conspiracy theory.",Rumor
"Eating carrots cures cancer, scientists say.",Rumor
Drinking bleach can protect against COVID-19.,Rumor
A ghost was captured on camera in an abandoned hospital.,Rumor
A secret society controls world governments.,Rumor
New study proves the Earth is flat.,Rumor
"Vaccines cause autism, according to a new conspiracy theory.",Rumor
The government is hiding evidence of time travel experiments.,Rumor
New study proves the Earth is flat.,Rumor
New study proves the Earth is flat.,Rumor
"Vaccines cause autism, according to a new conspiracy theory.",Rumor
Aliens spotted in New York City!,Rumor
The government is hiding evidence of time travel experiments.,Rumor
Drinking bleach can protect against COVID-19.,Rumor
A giant lizard was seen roaming the streets of Tokyo.,Rumor
A secret society controls world governments.,Rumor
A secret society controls world governments.,Rumor
New study proves the Earth is flat.,Rumor
A ghost was captured on camera in an abandoned hospital.,Rumor
Drinking bleach can protect against COVID-19.,Rumor
The government is hiding evidence of time travel experiments.,Rumor
A secret society controls world governments.,Rumor
Aliens spotted in New York City!,Rumor
Aliens spotted in New York City!,Rumor
A ghost was captured on camera in an abandoned hospital.,Rumor
New study proves the Earth is flat.,Rumor
New study proves the Earth is flat.,Rumor
"Eating carrots cures cancer, scientists say.",Rumor
Elvis Presley found alive in a remote island.,Rumor
"Eating carrots cures cancer, scientists say.",Rumor
Elvis Presley found alive in a remote island.,Rumor
New study proves the Earth is flat.,Rumor
"Vaccines cause autism, according to a new conspiracy theory.",Rumor
New study proves the Earth is flat.,Rumor
A ghost was captured on camera in an abandoned hospital.,Rumor
Drinking bleach can protect against COVID-19.,Rumor
"Vaccines cause autism, according to a new conspiracy theory.",Rumor
New study proves the Earth is flat.,Rumor
A ghost was captured on camera in an abandoned hospital.,Rumor
The government is hiding evidence of time travel experiments.,Rumor
A ghost was captured on camera in an abandoned hospital.,Rumor
A ghost was captured on camera in an abandoned hospital.,Rumor
A secret society controls world governments.,Rumor
Aliens spotted in New York City!,Rumor
A giant lizard was seen roaming the streets of Tokyo.,Rumor
"Eating carrots cures cancer, scientists say.",Rumor
A ghost was captured on camera in an abandoned hospital.,Rumor
Aliens spotted in New York City!,Rumor
Aliens spotted in New York City!,Rumor
"Eating carrots cures cancer, scientists say.",Rumor
New study proves the Earth is flat.,Rumor
A secret society controls world governments.,Rumor
Aliens spotted in New York City!,Rumor
A giant lizard was seen roaming the streets of Tokyo.,Rumor
A giant lizard was seen roaming the streets of Tokyo.,Rumor
"Vaccines cause autism, according to a new conspiracy theory.",Rumor
A ghost was captured on camera in an abandoned hospital.,Rumor
Elvis Presley found alive in a remote island.,Rumor
"Eating carrots cures cancer, scientists say.",Rumor
"Vaccines cause autism, according to a new conspiracy theory.",Rumor
A secret society controls world governments.,Rumor
Drinking bleach can protect against COVID-19.,Rumor
Drinking bleach can protect against COVID-19.,Rumor
The government is hiding evidence of time travel experiments.,Rumor
A giant lizard was seen roaming the streets of Tokyo.,Rumor
"Vaccines cause autism, according to a new conspiracy theory.",Rumor
A ghost was captured on camera in an abandoned hospital.,Rumor
Elvis Presley found alive in a remote island.,Rumor
Aliens spotted in New York City!,Rumor
Elvis Presley found alive in a remote island.,Rumor
A giant lizard was seen roaming the streets of Tokyo.,Rumor
A giant lizard was seen roaming the streets of Tokyo.,Rumor
Drinking bleach can protect against COVID-19.,Rumor
A giant lizard was seen roaming the streets of Tokyo.,Rumor
"Vaccines cause autism, according to a new conspiracy theory.",Rumor
Drinking bleach can protect against COVID-19.,Rumor
Drinking bleach can protect against COVID-19.,Rumor
A secret society controls world governments.,Rumor
A giant lizard was seen roaming the streets of Tokyo.,Rumor
Aliens spotted in New York City!,Rumor
A giant lizard was seen roaming the streets of Tokyo.,Rumor
"Eating carrots cures cancer, scientists say.",Rumor
A ghost was captured on camera in an abandoned hospital.,Rumor
A giant lizard was seen roaming the streets of Tokyo.,Rumor
The government is hiding evidence of time travel experiments.,Rumor
The government is hiding evidence of time travel experiments.,Rumor
New study proves the Earth is flat.,Rumor
A giant lizard was seen roaming the streets of Tokyo.,Rumor
The government is hiding evidence of time travel experiments.,Rumor
"Eating carrots cures cancer, scientists say.",Rumor
"Eating carrots cures cancer, scientists say.",Rumor
A giant lizard was seen roaming the streets of Tokyo.,Rumor
A giant lizard was seen roaming the streets of Tokyo.,Rumor
Drinking bleach can protect against COVID-19.,Rumor
A giant lizard was seen roaming the streets of Tokyo.,Rumor
"Vaccines cause autism, according to a new conspiracy theory.",Rumor
Elvis Presley found alive in a remote island.,Rumor
A giant lizard was seen roaming the streets of Tokyo.,Rumor
Aliens spotted in New York City!,Rumor
"Vaccines cause autism, according to a new conspiracy theory.",Rumor
A ghost was captured on camera in an abandoned hospital.,Rumor
Elvis Presley found alive in a remote island.,Rumor
A ghost was captured on camera in an abandoned hospital.,Rumor
"Eating carrots cures cancer, scientists say.",Rumor
The government is hiding evidence of time travel experiments.,Rumor
Elvis Presley found alive in a remote island.,Rumor
Drinking bleach can protect against COVID-19.,Rumor
Drinking bleach can protect against COVID-19.,Rumor
"Eating carrots cures cancer, scientists say.",Rumor
Aliens spotted in New York City!,Rumor
A ghost was captured on camera in an abandoned hospital.,Rumor
Drinking bleach can protect against COVID-19.,Rumor
Aliens spotted in New York City!,Rumor
A ghost was captured on camera in an abandoned hospital.,Rumor
"Eating carrots cures cancer, scientists say.",Rumor
A giant lizard was seen roaming the streets of Tokyo.,Rumor
Drinking bleach can protect against COVID-19.,Rumor
The government is hiding evidence of time travel experiments.,Rumor
"Vaccines cause autism, according to a new conspiracy theory.",Rumor
Aliens spotted in New York City!,Rumor
"Eating carrots cures cancer, scientists say.",Rumor
A secret society controls world governments.,Rumor
A ghost was captured on camera in an abandoned hospital.,Rumor
A ghost was captured on camera in an abandoned hospital.,Rumor
A secret society controls world governments.,Rumor
"Eating carrots cures cancer, scientists say.",Rumor
The government is hiding evidence of time travel experiments.,Rumor
A giant lizard was seen roaming the streets of Tokyo.,Rumor
The government is hiding evidence of time travel experiments.,Rumor
New study proves the Earth is flat.,Rumor
The government is hiding evidence of time travel experiments.,Rumor
A giant lizard was seen roaming the streets of Tokyo.,Rumor
A giant lizard was seen roaming the streets of Tokyo.,Rumor
New study proves the Earth is flat.,Rumor
A ghost was captured on camera in an abandoned hospital.,Rumor
Aliens spotted in New York City!,Rumor
A ghost was captured on camera in an abandoned hospital.,Rumor
"Eating carrots cures cancer, scientists say.",Rumor
"Vaccines cause autism, according to a new conspiracy theory.",Rumor
"Eating carrots cures cancer, scientists say.",Rumor
Drinking bleach can protect against COVID-19.,Rumor
A ghost was captured on camera in an abandoned hospital.,Rumor
A secret society controls world governments.,Rumor
A giant lizard was seen roaming the streets of Tokyo.,Rumor
Drinking bleach can protect against COVID-19.,Rumor
The government is hiding evidence of time travel experiments.,Rumor
Aliens spotted in New York City!,Rumor
Elvis Presley found alive in a remote island.,Rumor
Elvis Presley found alive in a remote island.,Rumor
A secret society controls world governments.,Rumor
New study proves the Earth is flat.,Rumor
A giant lizard was seen roaming the streets of Tokyo.,Rumor
"Eating carrots cures cancer, scientists say.",Rumor
A giant lizard was seen roaming the streets of Tokyo.,Rumor
Aliens spotted in New York City!,Rumor
"Vaccines cause autism, according to a new conspiracy theory.",Rumor
New study proves the Earth is flat.,Rumor
Drinking bleach can protect against COVID-19.,Rumor
Elvis Presley found alive in a remote island.,Rumor
"Vaccines cause autism, according to a new conspiracy theory.",Rumor
The government is hiding evidence of time travel experiments.,Rumor
A giant lizard was seen roaming the streets of Tokyo.,Rumor
The government is hiding evidence of time travel experiments.,Rumor
A secret society controls world governments.,Rumor
A giant lizard was seen roaming the streets of Tokyo.,Rumor
"Vaccines cause autism, according to a new conspiracy theory.",Rumor
A giant lizard was seen roaming the streets of Tokyo.,Rumor
New study proves the Earth is flat.,Rumor
The government is hiding evidence of time travel experiments.,Rumor
"Eating carrots cures cancer, scientists say.",Rumor
New study proves the Earth is flat.,Rumor
A giant lizard was seen roaming the streets of Tokyo.,Rumor
A giant lizard was seen roaming the streets of Tokyo.,Rumor
Elvis Presley found alive in a remote island.,Rumor
A giant lizard was seen roaming the streets of Tokyo.,Rumor
Aliens spotted in New York City!,Rumor
"Vaccines cause autism, according to a new conspiracy theory.",Rumor
A secret society controls world governments.,Rumor
New study proves the Earth is flat.,Rumor
A ghost was captured on camera in an abandoned hospital.,Rumor
Elvis Presley found alive in a remote island.,Rumor
Drinking bleach can protect against COVID-19.,Rumor
Drinking bleach can protect against COVID-19.,Rumor
Elvis Presley found alive in a remote island.,Rumor
Drinking bleach can protect against COVID-19.,Rumor
A secret society controls world governments.,Rumor
"Eating carrots cures cancer, scientists say.",Rumor
A giant lizard was seen roaming the streets of Tokyo.,Rumor
Elvis Presley found alive in a remote island.,Rumor
The government is hiding evidence of time travel experiments.,Rumor
"Vaccines cause autism, according to a new conspiracy theory.",Rumor
New study proves the Earth is flat.,Rumor
"Vaccines cause autism, according to a new conspiracy theory.",Rumor
"Vaccines cause autism, according to a new conspiracy theory.",Rumor
The government is hiding evidence of time travel experiments.,Rumor
"Eating carrots cures cancer, scientists say.",Rumor
"Eating carrots cures cancer, scientists say.",Rumor
A secret society controls world governments.,Rumor
"Vaccines cause autism, according to a new conspiracy theory.",Rumor
"Eating carrots cures cancer, scientists say.",Rumor
Elvis Presley found alive in a remote island.,Rumor
A secret society controls world governments.,Rumor
A giant lizard was seen roaming the streets of Tokyo.,Rumor
Drinking bleach can protect against COVID-19.,Rumor
A giant lizard was seen roaming the streets of Tokyo.,Rumor
Drinking bleach can protect against COVID-19.,Rumor
Aliens spotted in New York City!,Rumor
Aliens spotted in New York City!,Rumor
A giant lizard was seen roaming the streets of Tokyo.,Rumor
"Eating carrots cures cancer, scientists say.",Rumor
A giant lizard was seen roaming the streets of Tokyo.,Rumor
The government is hiding evidence of time travel experiments.,Rumor
A secret society controls world governments.,Rumor
A secret society controls world governments.,Rumor
Elvis Presley found alive in a remote island.,Rumor
A ghost was captured on camera in an abandoned hospital.,Rumor
Aliens spotted in New York City!,Rumor
Aliens spotted in New York City!,Rumor
A giant lizard was seen roaming the streets of Tokyo.,Rumor
A ghost was captured on camera in an abandoned hospital.,Rumor
"Eating carrots cures cancer, scientists say.",Rumor
Elvis Presley found alive in a remote island.,Rumor
A secret society controls world governments.,Rumor
A ghost was captured on camera in an abandoned hospital.,Rumor
Aliens spotted in New York City!,Rumor
The government is hiding evidence of time travel experiments.,Rumor
New study proves the Earth is flat.,Rumor
"Eating carrots cures cancer, scientists say.",Rumor
Drinking bleach can protect against COVID-19.,Rumor
Elvis Presley found alive in a remote island.,Rumor
New study proves the Earth is flat.,Rumor
Drinking bleach can protect against COVID-19.,Rumor
A ghost was captured on camera in an abandoned hospital.,Rumor
New study proves the Earth is flat.,Rumor
A secret society controls world governments.,Rumor
A giant lizard was seen roaming the streets of Tokyo.,Rumor
Elvis Presley found alive in a remote island.,Rumor
Elvis Presley found alive in a remote island.,Rumor
"Eating carrots cures cancer, scientists say.",Rumor
Elvis Presley found alive in a remote island.,Rumor
Aliens spotted in New York City!,Rumor
The government is hiding evidence of time travel experiments.,Rumor
A secret society controls world governments.,Rumor
"Eating carrots cures cancer, scientists say.",Rumor
The government is hiding evidence of time travel experiments.,Rumor
Elvis Presley found alive in a remote island.,Rumor
Elvis Presley found alive in a remote island.,Rumor
Elvis Presley found alive in a remote island.,Rumor
A secret society controls world governments.,Rumor
New study proves the Earth is flat.,Rumor
"Eating carrots cures cancer, scientists say.",Rumor
A secret society controls world governments.,Rumor
The government is hiding evidence of time travel experiments.,Rumor
Drinking bleach can protect against COVID-19.,Rumor
Aliens spotted in New York City!,Rumor
A ghost was captured on camera in an abandoned hospital.,Rumor
Aliens spotted in New York City!,Rumor
"Eating carrots cures cancer, scientists say.",Rumor
Drinking bleach can protect against COVID-19.,Rumor
"Eating carrots cures cancer, scientists say.",Rumor
Elvis Presley found alive in a remote island.,Rumor
Drinking bleach can protect against COVID-19.,Rumor
A secret society controls world governments.,Rumor
A ghost was captured on camera in an abandoned hospital.,Rumor
A secret society controls world governments.,Rumor
A ghost was captured on camera in an abandoned hospital.,Rumor
A secret society controls world governments.,Rumor
A giant lizard was seen roaming the streets of Tokyo.,Rumor
Aliens spotted in New York City!,Rumor
Elvis Presley found alive in a remote island.,Rumor
The government is hiding evidence of time travel experiments.,Rumor
New study proves the Earth is flat.,Rumor
"Vaccines cause autism, according to a new conspiracy theory.",Rumor
The government is hiding evidence of time travel experiments.,Rumor
New study proves the Earth is flat.,Rumor
New study proves the Earth is flat.,Rumor
"Vaccines cause autism, according to a new conspiracy theory.",Rumor
New study proves the Earth is flat.,Rumor
New study proves the Earth is flat.,Rumor
The government is hiding evidence of time travel experiments.,Rumor
Elvis Presley found alive in a remote island.,Rumor
Drinking bleach can protect against COVID-19.,Rumor
Drinking bleach can protect against COVID-19.,Rumor
A secret society controls world governments.,Rumor
Elvis Presley found alive in a remote island.,Rumor
A ghost was captured on camera in an abandoned hospital.,Rumor
A secret society controls world governments.,Rumor
A secret society controls world governments.,Rumor
"Eating carrots cures cancer, scientists say.",Rumor
Elvis Presley found alive in a remote island.,Rumor
Drinking bleach can protect against COVID-19.,Rumor
Elvis Presley found alive in a remote island.,Rumor
The government is hiding evidence of time travel experiments.,Rumor
A secret society controls world governments.,Rumor
A ghost was captured on camera in an abandoned hospital.,Rumor
A ghost was captured on camera in an abandoned hospital.,Rumor
Aliens spotted in New York City!,Rumor
Elvis Presley found alive in a remote island.,Rumor
A ghost was captured on camera in an abandoned hospital.,Rumor
New study proves the Earth is flat.,Rumor
Elvis Presley found alive in a remote island.,Rumor
The government is hiding evidence of time travel experiments.,Rumor
A giant lizard was seen roaming the streets of Tokyo.,Rumor
New study proves the Earth is flat.,Rumor
New study proves the Earth is flat.,Rumor
A secret society controls world governments.,Rumor
Drinking bleach can protect against COVID-19.,Rumor
"Vaccines cause autism, according to a new conspiracy theory.",Rumor
Drinking bleach can protect against COVID-19.,Rumor
Aliens spotted in New York City!,Rumor
"Eating carrots cures cancer, scientists say.",Rumor
"Vaccines cause autism, according to a new conspiracy theory.",Rumor
The government is hiding evidence of time travel experiments.,Rumor
A secret society controls world governments.,Rumor
A giant lizard was seen roaming the streets of Tokyo.,Rumor
A ghost was captured on camera in an abandoned hospital.,Rumor
"Eating carrots cures cancer, scientists say.",Rumor
A giant lizard was seen roaming the streets of Tokyo.,Rumor
Drinking bleach can protect against COVID-19.,Rumor
A ghost was captured on camera in an abandoned hospital.,Rumor
Drinking bleach can protect against COVID-19.,Rumor
The government is hiding evidence of time travel experiments.,Rumor
A ghost was captured on camera in an abandoned hospital.,Rumor
New study proves the Earth is flat.,Rumor
A ghost was captured on camera in an abandoned hospital.,Rumor
Elvis Presley found alive in a remote island.,Rumor
Elvis Presley found alive in a remote island.,Rumor
Drinking bleach can protect against COVID-19.,Rumor
"Vaccines cause autism, according to a new conspiracy theory.",Rumor
A secret society controls world governments.,Rumor
A giant lizard was seen roaming the streets of Tokyo.,Rumor
Elvis Presley found alive in a remote island.,Rumor
Drinking bleach can protect against COVID-19.,Rumor
"Eating carrots cures cancer, scientists say.",Rumor
A secret society controls world governments.,Rumor
New study proves the Earth is flat.,Rumor
A giant lizard was seen roaming the streets of Tokyo.,Rumor
Elvis Presley found alive in a remote island.,Rumor
Elvis Presley found alive in a remote island.,Rumor
New study proves the Earth is flat.,Rumor
A giant lizard was seen roaming the streets of Tokyo.,Rumor
A giant lizard was seen roaming the streets of Tokyo.,Rumor
New study proves the Earth is flat.,Rumor
"Vaccines cause autism, according to a new conspiracy theory.",Rumor
A ghost was captured on camera in an abandoned hospital.,Rumor
"Vaccines cause autism, according to a new conspiracy theory.",Rumor
The government is hiding evidence of time travel experiments.,Rumor
The government is hiding evidence of time travel experiments.,Rumor
"Eating carrots cures cancer, scientists say.",Rumor
"Vaccines cause autism, according to a new conspiracy theory.",Rumor
Aliens spotted in New York City!,Rumor
Aliens spotted in New York City!,Rumor
The government is hiding evidence of time travel experiments.,Rumor
Elvis Presley found alive in a remote island.,Rumor
Drinking bleach can protect against COVID-19.,Rumor
"Eating carrots cures cancer, scientists say.",Rumor
A giant lizard was seen roaming the streets of Tokyo.,Rumor
New study proves the Earth is flat.,Rumor
The government is hiding evidence of time travel experiments.,Rumor
A secret society controls world governments.,Rumor
A giant lizard was seen roaming the streets of Tokyo.,Rumor
Drinking bleach can protect against COVID-19.,Rumor
Aliens spotted in New York City!,Rumor
"Vaccines cause autism, according to a new conspiracy theory.",Rumor
The government is hiding evidence of time travel experiments.,Rumor
"Eating carrots cures cancer, scientists say.",Rumor
Aliens spotted in New York City!,Rumor
"Vaccines cause autism, according to a new conspiracy theory.",Rumor
A giant lizard was seen roaming the streets of Tokyo.,Rumor
New study proves the Earth is flat.,Rumor
New study proves the Earth is flat.,Rumor
"Eating carrots cures cancer, scientists say.",Rumor
The government is hiding evidence of time travel experiments.,Rumor
New study proves the Earth is flat.,Rumor
A secret society controls world governments.,Rumor
New study proves the Earth is flat.,Rumor
Drinking bleach can protect against COVID-19.,Rumor
A secret society controls world governments.,Rumor
A secret society controls world governments.,Rumor
New study proves the Earth is flat.,Rumor
A ghost was captured on camera in an abandoned hospital.,Rumor
A giant lizard was seen roaming the streets of Tokyo.,Rumor
A ghost was captured on camera in an abandoned hospital.,Rumor
Aliens spotted in New York City!,Rumor
A secret society controls world governments.,Rumor
"Eating carrots cures cancer, scientists say.",Rumor
Humans breathe oxygen to survive.,Fact
Water boils at 100 degrees Celsius.,Fact
The capital of France is Paris.,Fact
Plants perform photosynthesis to produce energy.,Fact
The sun rises in the east and sets in the west.,Fact
Water boils at 100 degrees Celsius.,Fact
Water boils at 100 degrees Celsius.,Fact
Gravity causes objects to fall towards the Earth.,Fact
The sun rises in the east and sets in the west.,Fact
The sun rises in the east and sets in the west.,Fact
Humans breathe oxygen to survive.,Fact
The moon orbits around the Earth.,Fact
Water boils at 100 degrees Celsius.,Fact
The Earth is approximately 4.5 billion years old.,Fact
Mount Everest is the tallest mountain in the world.,Fact
The sky is blue.,Fact
Humans breathe oxygen to survive.,Fact
The moon orbits around the Earth.,Fact
The sun rises in the east and sets in the west.,Fact
Water boils at 100 degrees Celsius.,Fact
The capital of France is Paris.,Fact
Mount Everest is the tallest mountain in the world.,Fact
The Earth is approximately 4.5 billion years old.,Fact
Humans breathe oxygen to survive.,Fact
The sky is blue.,Fact
The sky is blue.,Fact
Plants perform photosynthesis to produce energy.,Fact
Plants perform photosynthesis to produce energy.,Fact
Mount Everest is the tallest mountain in the world.,Fact
Water boils at 100 degrees Celsius.,Fact
Plants perform photosynthesis to produce energy.,Fact
The sky is blue.,Fact
Humans breathe oxygen to survive.,Fact
The sky is blue.,Fact
Water boils at 100 degrees Celsius.,Fact
Humans breathe oxygen to survive.,Fact
Humans breathe oxygen to survive.,Fact
The sky is blue.,Fact
Gravity causes objects to fall towards the Earth.,Fact
The sun rises in the east and sets in the west.,Fact
Mount Everest is the tallest mountain in the world.,Fact
The sun rises in the east and sets in the west.,Fact
Gravity causes objects to fall towards the Earth.,Fact
Plants perform photosynthesis to produce energy.,Fact
The sky is blue.,Fact
The sky is blue.,Fact
The sky is blue.,Fact
Water boils at 100 degrees Celsius.,Fact
The capital of France is Paris.,Fact
The Earth is approximately 4.5 billion years old.,Fact
The capital of France is Paris.,Fact
Humans breathe oxygen to survive.,Fact
Plants perform photosynthesis to produce energy.,Fact
Mount Everest is the tallest mountain in the world.,Fact
Water boils at 100 degrees Celsius.,Fact
Water boils at 100 degrees Celsius.,Fact
The sun rises in the east and sets in the west.,Fact
Mount Everest is the tallest mountain in the world.,Fact
The sky is blue.,Fact
The capital of France is Paris.,Fact
The Earth is approximately 4.5 billion years old.,Fact
Mount Everest is the tallest mountain in the world.,Fact
Humans breathe oxygen to survive.,Fact
Humans breathe oxygen to survive.,Fact
The sun rises in the east and sets in the west.,Fact
The capital of France is Paris.,Fact
The Earth is approximately 4.5 billion years old.,Fact
The capital of France is Paris.,Fact
Mount Everest is the tallest mountain in the world.,Fact
Plants perform photosynthesis to produce energy.,Fact
The moon orbits around the Earth.,Fact
The sun rises in the east and sets in the west.,Fact
Water boils at 100 degrees Celsius.,Fact
Gravity causes objects to fall towards the Earth.,Fact
The moon orbits around the Earth.,Fact
Gravity causes objects to fall towards the Earth.,Fact
The sun rises in the east and sets in the west.,Fact
Water boils at 100 degrees Celsius.,Fact
Gravity causes objects to fall towards the Earth.,Fact
Humans breathe oxygen to survive.,Fact
The Earth is approximately 4.5 billion years old.,Fact
The sun rises in the east and sets in the west.,Fact
The capital of France is Paris.,Fact
The Earth is approximately 4.5 billion years old.,Fact
The moon orbits around the Earth.,Fact
Plants perform photosynthesis to produce energy.,Fact
Plants perform photosynthesis to produce energy.,Fact
The moon orbits around the Earth.,Fact
The moon orbits around the Earth.,Fact
Plants perform photosynthesis to produce energy.,Fact
Mount Everest is the tallest mountain in the world.,Fact
The sky is blue.,Fact
The sun rises in the east and sets in the west.,Fact
Mount Everest is the tallest mountain in the world.,Fact
The capital of France is Paris.,Fact
The Earth is approximately 4.5 billion years old.,Fact
The sky is blue.,Fact
The capital of France is Paris.,Fact
Plants perform photosynthesis to produce energy.,Fact
The moon orbits around the Earth.,Fact
Plants perform photosynthesis to produce energy.,Fact
The sun rises in the east and sets in the west.,Fact
The sky is blue.,Fact
The moon orbits around the Earth.,Fact
The sun rises in the east and sets in the west.,Fact
Humans breathe oxygen to survive.,Fact
The sun rises in the east and sets in the west.,Fact
The sky is blue.,Fact
The sky is blue.,Fact
Gravity causes objects to fall towards the Earth.,Fact
Humans breathe oxygen to survive.,Fact
The Earth is approximately 4.5 billion years old.,Fact
The sun rises in the east and sets in the west.,Fact
Humans breathe oxygen to survive.,Fact
Gravity causes objects to fall towards the Earth.,Fact
The sun rises in the east and sets in the west.,Fact
The capital of France is Paris.,Fact
Plants perform photosynthesis to produce energy.,Fact
Mount Everest is the tallest mountain in the world.,Fact
The sun rises in the east and sets in the west.,Fact
The sun rises in the east and sets in the west.,Fact
The capital of France is Paris.,Fact
The capital of France is Paris.,Fact
The capital of France is Paris.,Fact
Humans breathe oxygen to survive.,Fact
Plants perform photosynthesis to produce energy.,Fact
The moon orbits around the Earth.,Fact
The sun rises in the east and sets in the west.,Fact
The sky is blue.,Fact
Humans breathe oxygen to survive.,Fact
Water boils at 100 degrees Celsius.,Fact
The capital of France is Paris.,Fact
Humans breathe oxygen to survive.,Fact
Gravity causes objects to fall towards the Earth.,Fact
Mount Everest is the tallest mountain in the world.,Fact
Gravity causes objects to fall towards the Earth.,Fact
The capital of France is Paris.,Fact
The moon orbits around the Earth.,Fact
The Earth is approximately 4.5 billion years old.,Fact
The sun rises in the east and sets in the west.,Fact
Mount Everest is the tallest mountain in the world.,Fact
Plants perform photosynthesis to produce energy.,Fact
The capital of France is Paris.,Fact
The sky is blue.,Fact
Mount Everest is the tallest mountain in the world.,Fact
The sky is blue.,Fact
Mount Everest is the tallest mountain in the world.,Fact
Gravity causes objects to fall towards the Earth.,Fact
Gravity causes objects to fall towards the Earth.,Fact
Mount Everest is the tallest mountain in the world.,Fact
The moon orbits around the Earth.,Fact
The sky is blue.,Fact
The sun rises in the east and sets in the west.,Fact
Mount Everest is the tallest mountain in the world.,Fact
The capital of France is Paris.,Fact
The sky is blue.,Fact
Water boils at 100 degrees Celsius.,Fact
The Earth is approximately 4.5 billion years old.,Fact
Gravity causes objects to fall towards the Earth.,Fact
Water boils at 100 degrees Celsius.,Fact
The moon orbits around the Earth.,Fact
Humans breathe oxygen to survive.,Fact
The Earth is approximately 4.5 billion years old.,Fact
The sun rises in the east and sets in the west.,Fact
Humans breathe oxygen to survive.,Fact
Humans breathe oxygen to survive.,Fact
Plants perform photosynthesis to produce energy.,Fact
Plants perform photosynthesis to produce energy.,Fact
The Earth is approximately 4.5 billion years old.,Fact
Water boils at 100 degrees Celsius.,Fact
Water boils at 100 degrees Celsius.,Fact
The Earth is approximately 4.5 billion years old.,Fact
Plants perform photosynthesis to produce energy.,Fact
The sun rises in the east and sets in the west.,Fact
Gravity causes objects to fall towards the Earth.,Fact
Gravity causes objects to fall towards the Earth.,Fact
Humans breathe oxygen to survive.,Fact
The capital of France is Paris.,Fact
Gravity causes objects to fall towards the Earth.,Fact
Humans breathe oxygen to survive.,Fact
The Earth is approximately 4.5 billion years old.,Fact
The sky is blue.,Fact
The capital of France is Paris.,Fact
Water boils at 100 degrees Celsius.,Fact
Water boils at 100 degrees Celsius.,Fact
Water boils at 100 degrees Celsius.,Fact
The moon orbits around the Earth.,Fact
The capital of France is Paris.,Fact
The sky is blue.,Fact
Plants perform photosynthesis to produce energy.,Fact
Water boils at 100 degrees Celsius.,Fact
The sun rises in the east and sets in the west.,Fact
Plants perform photosynthesis to produce energy.,Fact
The capital of France is Paris.,Fact
Water boils at 100 degrees Celsius.,Fact
The sky is blue.,Fact
The Earth is approximately 4.5 billion years old.,Fact
The moon orbits around the Earth.,Fact
The sky is blue.,Fact
Gravity causes objects to fall towards the Earth.,Fact
The capital of France is Paris.,Fact
Mount Everest is the tallest mountain in the world.,Fact
The capital of France is Paris.,Fact
Humans breathe oxygen to survive.,Fact
The sky is blue.,Fact
Plants perform photosynthesis to produce energy.,Fact
The sky is blue.,Fact
Mount Everest is the tallest mountain in the world.,Fact
Humans breathe oxygen to survive.,Fact
The capital of France is Paris.,Fact
The Earth is approximately 4.5 billion years old.,Fact
The sun rises in the east and sets in the west.,Fact
Plants perform photosynthesis to produce energy.,Fact
Water boils at 100 degrees Celsius.,Fact
Gravity causes objects to fall towards the Earth.,Fact
The capital of France is Paris.,Fact
The moon orbits around the Earth.,Fact
The moon orbits around the Earth.,Fact
Water boils at 100 degrees Celsius.,Fact
The moon orbits around the Earth.,Fact
The sky is blue.,Fact
The sky is blue.,Fact
Gravity causes objects to fall towards the Earth.,Fact
The sky is blue.,Fact
The capital of France is Paris.,Fact
The Earth is approximately 4.5 billion years old.,Fact
Gravity causes objects to fall towards the Earth.,Fact
Humans breathe oxygen to survive.,Fact
The Earth is approximately 4.5 billion years old.,Fact
The sky is blue.,Fact
Plants perform photosynthesis to produce energy.,Fact
The sky is blue.,Fact
Mount Everest is the tallest mountain in the world.,Fact
Water boils at 100 degrees Celsius.,Fact
The capital of France is Paris.,Fact
The moon orbits around the Earth.,Fact
Plants perform photosynthesis to produce energy.,Fact
Water boils at 100 degrees Celsius.,Fact
The capital of France is Paris.,Fact
Plants perform photosynthesis to produce energy.,Fact
The sky is blue.,Fact
Gravity causes objects to fall towards the Earth.,Fact
Water boils at 100 degrees Celsius.,Fact
Water boils at 100 degrees Celsius.,Fact
Mount Everest is the tallest mountain in the world.,Fact
The capital of France is Paris.,Fact
Mount Everest is the tallest mountain in the world.,Fact
Mount Everest is the tallest mountain in the world.,Fact
The capital of France is Paris.,Fact
Humans breathe oxygen to survive.,Fact
The capital of France is Paris.,Fact
The capital of France is Paris.,Fact
The sky is blue.,Fact
Gravity causes objects to fall towards the Earth.,Fact
The moon orbits around the Earth.,Fact
The capital of France is Paris.,Fact
The moon orbits around the Earth.,Fact
The moon orbits around the Earth.,Fact
The capital of France is Paris.,Fact
The sun rises in the east and sets in the west.,Fact
The capital of France is Paris.,Fact
Mount Everest is the tallest mountain in the world.,Fact
Mount Everest is the tallest mountain in the world.,Fact
Water boils at 100 degrees Celsius.,Fact
Gravity causes objects to fall towards the Earth.,Fact
Mount Everest is the tallest mountain in the world.,Fact
Water boils at 100 degrees Celsius.,Fact
Gravity causes objects to fall towards the Earth.,Fact
Water boils at 100 degrees Celsius.,Fact
The sky is blue.,Fact
The capital of France is Paris.,Fact
Plants perform photosynthesis to produce energy.,Fact
Water boils at 100 degrees Celsius.,Fact
Plants perform photosynthesis to produce energy.,Fact
Plants perform photosynthesis to produce energy.,Fact
The sky is blue.,Fact
The sky is blue.,Fact
The sky is blue.,Fact
The moon orbits around the Earth.,Fact
Humans breathe oxygen to survive.,Fact
The sky is blue.,Fact
The sun rises in the east and sets in the west.,Fact
Gravity causes objects to fall towards the Earth.,Fact
The sky is blue.,Fact
The sky is blue.,Fact
Humans breathe oxygen to survive.,Fact
The capital of France is Paris.,Fact
The moon orbits around the Earth.,Fact
The Earth is approximately 4.5 billion years old.,Fact
Plants perform photosynthesis to produce energy.,Fact
The moon orbits around the Earth.,Fact
Gravity causes objects to fall towards the Earth.,Fact
The sun rises in the east and sets in the west.,Fact
Humans breathe oxygen to survive.,Fact
The sky is blue.,Fact
The sky is blue.,Fact
Water boils at 100 degrees Celsius.,Fact
The Earth is approximately 4.5 billion years old.,Fact
Plants perform photosynthesis to produce energy.,Fact
Water boils at 100 degrees Celsius.,Fact
The sky is blue.,Fact
The sun rises in the east and sets in the west.,Fact
The sun rises in the east and sets in the west.,Fact
The sun rises in the east and sets in the west.,Fact
Water boils at 100 degrees Celsius.,Fact
Mount Everest is the tallest mountain in the world.,Fact
The Earth is approximately 4.5 billion years old.,Fact
Water boils at 100 degrees Celsius.,Fact
The moon orbits around the Earth.,Fact
The sky is blue.,Fact
Plants perform photosynthesis to produce energy.,Fact
Water boils at 100 degrees Celsius.,Fact
Humans breathe oxygen to survive.,Fact
The capital of France is Paris.,Fact
The moon orbits around the Earth.,Fact
Plants perform photosynthesis to produce energy.,Fact
The capital of France is Paris.,Fact
The Earth is approximately 4.5 billion years old.,Fact
Mount Everest is the tallest mountain in the world.,Fact
Mount Everest is the tallest mountain in the world.,Fact
The capital of France is Paris.,Fact
Plants perform photosynthesis to produce energy.,Fact
The sun rises in the east and sets in the west.,Fact
The Earth is approximately 4.5 billion years old.,Fact
The Earth is approximately 4.5 billion years old.,Fact
The Earth is approximately 4.5 billion years old.,Fact
The Earth is approximately 4.5 billion years old.,Fact
The capital of France is Paris.,Fact
Humans breathe oxygen to survive.,Fact
Plants perform photosynthesis to produce energy.,Fact
Humans breathe oxygen to survive.,Fact
The sun rises in the east and sets in the west.,Fact
The sun rises in the east and sets in the west.,Fact
Plants perform photosynthesis to produce energy.,Fact
The sky is blue.,Fact
The sun rises in the east and sets in the west.,Fact
Gravity causes objects to fall towards the Earth.,Fact
The moon orbits around the Earth.,Fact
The capital of France is Paris.,Fact
The sun rises in the east and sets in the west.,Fact
Water boils at 100 degrees Celsius.,Fact
Mount Everest is the tallest mountain in the world.,Fact
Water boils at 100 degrees Celsius.,Fact
The sky is blue.,Fact
The Earth is approximately 4.5 billion years old.,Fact
Gravity causes objects to fall towards the Earth.,Fact
The Earth is approximately 4.5 billion years old.,Fact
The moon orbits around the Earth.,Fact
Mount Everest is the tallest mountain in the world.,Fact
Humans breathe oxygen to survive.,Fact
Water boils at 100 degrees Celsius.,Fact
The sky is blue.,Fact
The sky is blue.,Fact
The Earth is approximately 4.5 billion years old.,Fact
The Earth is approximately 4.5 billion years old.,Fact
The sun rises in the east and sets in the west.,Fact
Plants perform photosynthesis to produce energy.,Fact
The capital of France is Paris.,Fact
Gravity causes objects to fall towards the Earth.,Fact
The capital of France is Paris.,Fact
Plants perform photosynthesis to produce energy.,Fact
Mount Everest is the tallest mountain in the world.,Fact
Plants perform photosynthesis to produce energy.,Fact
Gravity causes objects to fall towards the Earth.,Fact
Plants perform photosynthesis to produce energy.,Fact
The sky is blue.,Fact
Water boils at 100 degrees Celsius.,Fact
The sky is blue.,Fact
The Earth is approximately 4.5 billion years old.,Fact
The moon orbits around the Earth.,Fact
The sun rises in the east and sets in the west.,Fact
The sun rises in the east and sets in the west.,Fact
The Earth is approximately 4.5 billion years old.,Fact
Water boils at 100 degrees Celsius.,Fact
Humans breathe oxygen to survive.,Fact
Plants perform photosynthesis to produce energy.,Fact
The sun rises in the east and sets in the west.,Fact
Plants perform photosynthesis to produce energy.,Fact
The sun rises in the east and sets in the west.,Fact
Mount Everest is the tallest mountain in the world.,Fact
Humans breathe oxygen to survive.,Fact
The sun rises in the east and sets in the west.,Fact
The sun rises in the east and sets in the west.,Fact
Water boils at 100 degrees Celsius.,Fact
The Earth is approximately 4.5 billion years old.,Fact
The sky is blue.,Fact
Mount Everest is the tallest mountain in the world.,Fact
Water boils at 100 degrees Celsius.,Fact
The moon orbits around the Earth.,Fact
The moon orbits around the Earth.,Fact
Humans breathe oxygen to survive.,Fact
Mount Everest is the tallest mountain in the world.,Fact
The capital of France is Paris.,Fact
Humans breathe oxygen to survive.,Fact
The capital of France is Paris.,Fact
Plants perform photosynthesis to produce energy.,Fact
The sky is blue.,Fact
Humans breathe oxygen to survive.,Fact
The moon orbits around the Earth.,Fact
The Earth is approximately 4.5 billion years old.,Fact
The Earth is approximately 4.5 billion years old.,Fact
Water boils at 100 degrees Celsius.,Fact
Mount Everest is the tallest mountain in the world.,Fact
The capital of France is Paris.,Fact
Gravity causes objects to fall towards the Earth.,Fact
The sun rises in the east and sets in the west.,Fact
The moon orbits around the Earth.,Fact
Plants perform photosynthesis to produce energy.,Fact
The moon orbits around the Earth.,Fact
Humans breathe oxygen to survive.,Fact
The Earth is approximately 4.5 billion years old.,Fact
The capital of France is Paris.,Fact
Humans breathe oxygen to survive.,Fact
Water boils at 100 degrees Celsius.,Fact
Plants perform photosynthesis to produce energy.,Fact
Gravity causes objects to fall towards the Earth.,Fact
The capital of France is Paris.,Fact
The sun rises in the east and sets in the west.,Fact
The moon orbits around the Earth.,Fact
Mount Everest is the tallest mountain in the world.,Fact
The capital of France is Paris.,Fact
The Earth is approximately 4.5 billion years old.,Fact
Gravity causes objects to fall towards the Earth.,Fact
Plants perform photosynthesis to produce energy.,Fact
Gravity causes objects to fall towards the Earth.,Fact
Plants perform photosynthesis to produce energy.,Fact
The moon orbits around the Earth.,Fact
Gravity causes objects to fall towards the Earth.,Fact
Mount Everest is the tallest mountain in the world.,Fact
Humans breathe oxygen to survive.,Fact
The capital of France is Paris.,Fact
The capital of France is Paris.,Fact
The capital of France is Paris.,Fact
The moon orbits around the Earth.,Fact
The moon orbits around the Earth.,Fact
The sun rises in the east and sets in the west.,Fact
Gravity causes objects to fall towards the Earth.,Fact
The sky is blue.,Fact
The capital of France is Paris.,Fact
The sun rises in the east and sets in the west.,Fact
The sky is blue.,Fact
Gravity causes objects to fall towards the Earth.,Fact
Humans breathe oxygen to survive.,Fact
The Earth is approximately 4.5 billion years old.,Fact
The capital of France is Paris.,Fact
Mount Everest is the tallest mountain in the world.,Fact
The moon orbits around the Earth.,Fact
Plants perform photosynthesis to produce energy.,Fact
The capital of France is Paris.,Fact
The sun rises in the east and sets in the west.,Fact
The sky is blue.,Fact
Gravity causes objects to fall towards the Earth.,Fact
Humans breathe oxygen to survive.,Fact
The sky is blue.,Fact
The sky is blue.,Fact
Mount Everest is the tallest mountain in the world.,Fact
The sun rises in the east and sets in the west.,Fact
Mount Everest is the tallest mountain in the world.,Fact
Gravity causes objects to fall towards the Earth.,Fact
The capital of France is Paris.,Fact
Water boils at 100 degrees Celsius.,Fact
The capital of France is Paris.,Fact
The moon orbits around the Earth.,Fact
Humans breathe oxygen to survive.,Fact
Water boils at 100 degrees Celsius.,Fact
Plants perform photosynthesis to produce energy.,Fact
Plants perform photosynthesis to produce energy.,Fact
Water boils at 100 degrees Celsius.,Fact
Mount Everest is the tallest mountain in the world.,Fact
The capital of France is Paris.,Fact
Water boils at 100 degrees Celsius.,Fact
The moon orbits around the Earth.,Fact
The sun rises in the east and sets in the west.,Fact
Plants perform photosynthesis to produce energy.,Fact
The moon orbits around the Earth.,Fact
The sky is blue.,Fact
The capital of France is Paris.,Fact
Plants perform photosynthesis to produce energy.,Fact
Plants perform photosynthesis to produce energy.,Fact
The Earth is approximately 4.5 billion years old.,Fact
Mount Everest is the tallest mountain in the world.,Fact
The sky is blue.,Fact
Plants perform photosynthesis to produce energy.,Fact
Mount Everest is the tallest mountain in the world.,Fact
The Earth is approximately 4.5 billion years old.,Fact
The sky is blue.,Fact
The sun rises in the east and sets in the west.,Fact
The Earth is approximately 4.5 billion years old.,Fact
Humans breathe oxygen to survive.,Fact
The moon orbits around the Earth.,Fact
The capital of France is Paris.,Fact
Plants perform photosynthesis to produce energy.,Fact
Mount Everest is the tallest mountain in the world.,Fact
Humans breathe oxygen to survive.,Fact
The sky is blue.,Fact
The capital of France is Paris.,Fact
Humans breathe oxygen to survive.,Fact
The sky is blue.,Fact
Humans breathe oxygen to survive.,Fact
The moon orbits around the Earth.,Fact
The sky is blue.,Fact
Humans breathe oxygen to survive.,Fact
Mount Everest is the tallest mountain in the world.,Fact
The moon orbits around the Earth.,Fact
Mount Everest is the tallest mountain in the world.,Fact
Gravity causes objects to fall towards the Earth.,Fact
Plants perform photosynthesis to produce energy.,Fact
The sky is blue.,Fact
Water boils at 100 degrees Celsius.,Fact
Plants perform photosynthesis to produce energy.,Fact
The capital of France is Paris.,Fact
Water boils at 100 degrees Celsius.,Fact
Water boils at 100 degrees Celsius.,Fact
Humans breathe oxygen to survive.,Fact
The Earth is approximately 4.5 billion years old.,Fact
Gravity causes objects to fall towards the Earth.,Fact
The moon orbits around the Earth.,Fact
The capital of France is Paris.,Fact
Humans breathe oxygen to survive.,Fact
Humans breathe oxygen to survive.,Fact
The sun rises in the east and sets in the west.,Fact
Plants perform photosynthesis to produce energy.,Fact
The Earth is approximately 4.5 billion years old.,Fact
The sun rises in the east and sets in the west.,Fact
The Earth is approximately 4.5 billion years old.,Fact
The Earth is approximately 4.5 billion years old.,Fact
The capital of France is Paris.,Fact
Humans breathe oxygen to survive.,Fact
Water boils at 100 degrees Celsius.,Fact
The Earth is approximately 4.5 billion years old.,Fact
The moon orbits around the Earth.,Fact
The capital of France is Paris.,Fact
The sky is blue.,Fact
Mount Everest is the tallest mountain in the world.,Fact
The sun rises in the east and sets in the west.,Fact
The sky is blue.,Fact
Humans breathe oxygen to survive.,Fact
The moon orbits around the Earth.,Fact
The Earth is approximately 4.5 billion years old.,Fact
Humans breathe oxygen to survive.,Fact
Plants perform photosynthesis to produce energy.,Fact
The capital of France is Paris.,Fact
The moon orbits around the Earth.,Fact
Gravity causes objects to fall towards the Earth.,Fact
The moon orbits around the Earth.,Fact
The moon orbits around the Earth.,Fact
Plants perform photosynthesis to produce energy.,Fact
Mount Everest is the tallest mountain in the world.,Fact
The sky is blue.,Fact
The capital of France is Paris.,Fact
Plants perform photosynthesis to produce energy.,Fact
The capital of France is Paris.,Fact
Humans breathe oxygen to survive.,Fact
Gravity causes objects to fall towards the Earth.,Fact
Mount Everest is the tallest mountain in the world.,Fact
Humans breathe oxygen to survive.,Fact
The capital of France is Paris.,Fact
The moon orbits around the Earth.,Fact
The Earth is approximately 4.5 billion years old.,Fact
The moon orbits around the Earth.,Fact
The Earth is approximately 4.5 billion years old.,Fact
The Earth is approximately 4.5 billion years old.,Fact
The sky is blue.,Fact
The sky is blue.,Fact
Gravity causes objects to fall towards the Earth.,Fact
Gravity causes objects to fall towards the Earth.,Fact
Plants perform photosynthesis to produce energy.,Fact
Water boils at 100 degrees Celsius.,Fact
The capital of France is Paris.,Fact
The sky is blue.,Fact
The capital of France is Paris.,Fact
Plants perform photosynthesis to produce energy.,Fact
The capital of France is Paris.,Fact
Humans breathe oxygen to survive.,Fact
Gravity causes objects to fall towards the Earth.,Fact
Plants perform photosynthesis to produce energy.,Fact
Gravity causes objects to fall towards the Earth.,Fact
Mount Everest is the tallest mountain in the world.,Fact
Gravity causes objects to fall towards the Earth.,Fact
The Earth is approximately 4.5 billion years old.,Fact
The sky is blue.,Fact
Gravity causes objects to fall towards the Earth.,Fact
The sun rises in the east and sets in the west.,Fact
The capital of France is Paris.,Fact
Humans breathe oxygen to survive.,Fact
Water boils at 100 degrees Celsius.,Fact
Plants perform photosynthesis to produce energy.,Fact
Mount Everest is the tallest mountain in the world.,Fact
The sun rises in the east and sets in the west.,Fact
The capital of France is Paris.,Fact
The Earth is approximately 4.5 billion years old.,Fact
Plants perform photosynthesis to produce energy.,Fact
The sun rises in the east and sets in the west.,Fact
The moon orbits around the Earth.,Fact
Mount Everest is the tallest mountain in the world.,Fact
Gravity causes objects to fall towards the Earth.,Fact
The moon orbits around the Earth.,Fact
The sun rises in the east and sets in the west.,Fact
The sun rises in the east and sets in the west.,Fact
Humans breathe oxygen to survive.,Fact
The moon orbits around the Earth.,Fact
Mount Everest is the tallest mountain in the world.,Fact
Water boils at 100 degrees Celsius.,Fact
The sun rises in the east and sets in the west.,Fact
The capital of France is Paris.,Fact
The capital of France is Paris.,Fact
The Earth is approximately 4.5 billion years old.,Fact
Gravity causes objects to fall towards the Earth.,Fact
The sky is blue.,Fact
The Earth is approximately 4.5 billion years old.,Fact
The moon orbits around the Earth.,Fact
Gravity causes objects to fall towards the Earth.,Fact
The capital of France is Paris.,Fact
The capital of France is Paris.,Fact
The sun rises in the east and sets in the west.,Fact
Water boils at 100 degrees Celsius.,Fact
The Earth is approximately 4.5 billion years old.,Fact
The sky is blue.,Fact
The sky is blue.,Fact
Mount Everest is the tallest mountain in the world.,Fact
Humans breathe oxygen to survive.,Fact
Gravity causes objects to fall towards the Earth.,Fact
Plants perform photosynthesis to produce energy.,Fact
The moon orbits around the Earth.,Fact
The sky is blue.,Fact
The capital of France is Paris.,Fact
The sky is blue.,Fact
Humans breathe oxygen to survive.,Fact
The sky is blue.,Fact
Water boils at 100 degrees Celsius.,Fact
Plants perform photosynthesis to produce energy.,Fact
The sun rises in the east and sets in the west.,Fact
The sky is blue.,Fact
Humans breathe oxygen to survive.,Fact
Plants perform photosynthesis to produce energy.,Fact
Water boils at 100 degrees Celsius.,Fact
The capital of France is Paris.,Fact
Mount Everest is the tallest mountain in the world.,Fact
Plants perform photosynthesis to produce energy.,Fact
Plants perform photosynthesis to produce energy.,Fact
The moon orbits around the Earth.,Fact
The sky is blue.,Fact
Plants perform photosynthesis to produce energy.,Fact
Plants perform photosynthesis to produce energy.,Fact
The sky is blue.,Fact
Plants perform photosynthesis to produce energy.,Fact
The sky is blue.,Fact
The sky is blue.,Fact
Gravity causes objects to fall towards the Earth.,Fact
The capital of France is Paris.,Fact
The sun rises in the east and sets in the west.,Fact
Water boils at 100 degrees Celsius.,Fact
The sky is blue.,Fact
The moon orbits around the Earth.,Fact
Gravity causes objects to fall towards the Earth.,Fact
Humans breathe oxygen to survive.,Fact
The moon orbits around the Earth.,Fact
Mount Everest is the tallest mountain in the world.,Fact
Humans breathe oxygen to survive.,Fact
The Earth is approximately 4.5 billion years old.,Fact
Mount Everest is the tallest mountain in the world.,Fact
Mount Everest is the tallest mountain in the world.,Fact
Plants perform photosynthesis to produce energy.,Fact
Plants perform photosynthesis to produce energy.,Fact
Gravity causes objects to fall towards the Earth.,Fact
Water boils at 100 degrees Celsius.,Fact
Water boils at 100 degrees Celsius.,Fact
The sun rises in the east and sets in the west.,Fact
Water boils at 100 degrees Celsius.,Fact
Humans breathe oxygen to survive.,Fact
The sun rises in the east and sets in the west.,Fact
The sun rises in the east and sets in the west.,Fact
Humans breathe oxygen to survive.,Fact
Mount Everest is the tallest mountain in the world.,Fact
The sky is blue.,Fact
Plants perform photosynthesis to produce energy.,Fact
The Earth is approximately 4.5 billion years old.,Fact
The moon orbits around the Earth.,Fact
Mount Everest is the tallest mountain in the world.,Fact
The Earth is approximately 4.5 billion years old.,Fact
Water boils at 100 degrees Celsius.,Fact
Gravity causes objects to fall towards the Earth.,Fact
Water boils at 100 degrees Celsius.,Fact
The sky is blue.,Fact
The Earth is approximately 4.5 billion years old.,Fact
Mount Everest is the tallest mountain in the world.,Fact
Humans breathe oxygen to survive.,Fact
Plants perform photosynthesis to produce energy.,Fact
The capital of France is Paris.,Fact
Humans breathe oxygen to survive.,Fact
The sun rises in the east and sets in the west.,Fact
The capital of France is Paris.,Fact
The sky is blue.,Fact
Plants perform photosynthesis to produce energy.,Fact
Water boils at 100 degrees Celsius.,Fact
Humans breathe oxygen to survive.,Fact
Mount Everest is the tallest mountain in the world.,Fact
The sky is blue.,Fact
Water boils at 100 degrees Celsius.,Fact
Mount Everest is the tallest mountain in the world.,Fact
The Earth is approximately 4.5 billion years old.,Fact
Humans breathe oxygen to survive.,Fact
The Earth is approximately 4.5 billion years old.,Fact
The sky is blue.,Fact
Mount Everest is the tallest mountain in the world.,Fact
Plants perform photosynthesis to produce energy.,Fact
The sky is blue.,Fact
The sun rises in the east and sets in the west.,Fact
Mount Everest is the tallest mountain in the world.,Fact
The capital of France is Paris.,Fact
Humans breathe oxygen to survive.,Fact
Plants perform photosynthesis to produce energy.,Fact
The sun rises in the east and sets in the west.,Fact
The capital of France is Paris.,Fact
Plants perform photosynthesis to produce energy.,Fact
Mount Everest is the tallest mountain in the world.,Fact
Humans breathe oxygen to survive.,Fact
The sky is blue.,Fact
Plants perform photosynthesis to produce energy.,Fact
The sky is blue.,Fact
The capital of France is Paris.,Fact
The sun rises in the east and sets in the west.,Fact
Plants perform photosynthesis to produce energy.,Fact
The sun rises in the east and sets in the west.,Fact
Mount Everest is the tallest mountain in the world.,Fact
The sky is blue.,Fact
Gravity causes objects to fall towards the Earth.,Fact
The capital of France is Paris.,Fact
The sun rises in the east and sets in the west.,Fact
The Earth is approximately 4.5 billion years old.,Fact
Humans breathe oxygen to survive.,Fact
The capital of France is Paris.,Fact
Humans breathe oxygen to survive.,Fact
Gravity causes objects to fall towards the Earth.,Fact
The sun rises in the east and sets in the west.,Fact
Mount Everest is the tallest mountain in the world.,Fact
Plants perform photosynthesis to produce energy.,Fact
Mount Everest is the tallest mountain in the world.,Fact
The capital of France is Paris.,Fact
Humans breathe oxygen to survive.,Fact
The Earth is approximately 4.5 billion years old.,Fact
Mount Everest is the tallest mountain in the world.,Fact
Mount Everest is the tallest mountain in the world.,Fact
Water boils at 100 degrees Celsius.,Fact
The sky is blue.,Fact
The sun rises in the east and sets in the west.,Fact
Plants perform photosynthesis to produce energy.,Fact
The moon orbits around the Earth.,Fact
Plants perform photosynthesis to produce energy.,Fact
Plants perform photosynthesis to produce energy.,Fact
Humans breathe oxygen to survive.,Fact
Water boils at 100 degrees Celsius.,Fact
The capital of France is Paris.,Fact
Gravity causes objects to fall towards the Earth.,Fact
The sun rises in the east and sets in the west.,Fact
Gravity causes objects to fall towards the Earth.,Fact
Gravity causes objects to fall towards the Earth.,Fact
Plants perform photosynthesis to produce energy.,Fact
Water boils at 100 degrees Celsius.,Fact
Humans breathe oxygen to survive.,Fact
Gravity causes objects to fall towards the Earth.,Fact
Humans breathe oxygen to survive.,Fact
Gravity causes objects to fall towards the Earth.,Fact
The sun rises in the east and sets in the west.,Fact
The sun rises in the east and sets in the west.,Fact
The sky is blue.,Fact
The Earth is approximately 4.5 billion years old.,Fact
Water boils at 100 degrees Celsius.,Fact
The sun rises in the east and sets in the west.,Fact
Gravity causes objects to fall towards the Earth.,Fact
The Earth is approximately 4.5 billion years old.,Fact
The sun rises in the east and sets in the west.,Fact
Plants perform photosynthesis to produce energy.,Fact
Mount Everest is the tallest mountain in the world.,Fact
Gravity causes objects to fall towards the Earth.,Fact
Humans breathe oxygen to survive.,Fact
Water boils at 100 degrees Celsius.,Fact
Water boils at 100 degrees Celsius.,Fact
The Earth is approximately 4.5 billion years old.,Fact
Plants perform photosynthesis to produce energy.,Fact
The moon orbits around the Earth.,Fact
The sky is blue.,Fact
The sky is blue.,Fact
Water boils at 100 degrees Celsius.,Fact
Gravity causes objects to fall towards the Earth.,Fact
Water boils at 100 degrees Celsius.,Fact
The moon orbits around the Earth.,Fact
The sky is blue.,Fact
Humans breathe oxygen to survive.,Fact
The capital of France is Paris.,Fact
The moon orbits around the Earth.,Fact
The sky is blue.,Fact
Plants perform photosynthesis to produce energy.,Fact
Plants perform photosynthesis to produce energy.,Fact
The capital of France is Paris.,Fact
The capital of France is Paris.,Fact
Water boils at 100 degrees Celsius.,Fact
The moon orbits around the Earth.,Fact
Mount Everest is the tallest mountain in the world.,Fact
The Earth is approximately 4.5 billion years old.,Fact
Gravity causes objects to fall towards the Earth.,Fact
Gravity causes objects to fall towards the Earth.,Fact
The Earth is approximately 4.5 billion years old.,Fact
The sun rises in the east and sets in the west.,Fact
Water boils at 100 degrees Celsius.,Fact
The moon orbits around the Earth.,Fact
Gravity causes objects to fall towards the Earth.,Fact
The Earth is approximately 4.5 billion years old.,Fact
The moon orbits around the Earth.,Fact
Mount Everest is the tallest mountain in the world.,Fact
Gravity causes objects to fall towards the Earth.,Fact
Mount Everest is the tallest mountain in the world.,Fact
Water boils at 100 degrees Celsius.,Fact
The sun rises in the east and sets in the west.,Fact
Mount Everest is the tallest mountain in the world.,Fact
Humans breathe oxygen to survive.,Fact
Water boils at 100 degrees Celsius.,Fact
Gravity causes objects to fall towards the Earth.,Fact
Gravity causes objects to fall towards the Earth.,Fact
The Earth is approximately 4.5 billion years old.,Fact
The capital of France is Paris.,Fact
The sun rises in the east and sets in the west.,Fact
The sun rises in the east and sets in the west.,Fact
The sky is blue.,Fact
Gravity causes objects to fall towards the Earth.,Fact
Plants perform photosynthesis to produce energy.,Fact
Gravity causes objects to fall towards the Earth.,Fact
Humans breathe oxygen to survive.,Fact
Gravity causes objects to fall towards the Earth.,Fact
The sun rises in the east and sets in the west.,Fact
Plants perform photosynthesis to produce energy.,Fact
Water boils at 100 degrees Celsius.,Fact
Mount Everest is the tallest mountain in the world.,Fact
The sun rises in the east and sets in the west.,Fact
The Earth is approximately 4.5 billion years old.,Fact
Humans breathe oxygen to survive.,Fact
The sky is blue.,Fact
Water boils at 100 degrees Celsius.,Fact
Humans breathe oxygen to survive.,Fact
The sky is blue.,Fact
The moon orbits around the Earth.,Fact
The Earth is approximately 4.5 billion years old.,Fact
Water boils at 100 degrees Celsius.,Fact
The Earth is approximately 4.5 billion years old.,Fact
Gravity causes objects to fall towards the Earth.,Fact
Gravity causes objects to fall towards the Earth.,Fact
The capital of France is Paris.,Fact
Mount Everest is the tallest mountain in the world.,Fact
The Earth is approximately 4.5 billion years old.,Fact
Plants perform photosynthesis to produce energy.,Fact
The Earth is approximately 4.5 billion years old.,Fact
The sky is blue.,Fact
The Earth is approximately 4.5 billion years old.,Fact
Humans breathe oxygen to survive.,Fact
The Earth is approximately 4.5 billion years old.,Fact
The sun rises in the east and sets in the west.,Fact
The sky is blue.,Fact
The sky is blue.,Fact
Humans breathe oxygen to survive.,Fact
Mount Everest is the tallest mountain in the world.,Fact
Water boils at 100 degrees Celsius.,Fact
The sky is blue.,Fact
The sky is blue.,Fact
Plants perform photosynthesis to produce energy.,Fact
The Earth is approximately 4.5 billion years old.,Fact
The sun rises in the east and sets in the west.,Fact
Mount Everest is the tallest mountain in the world.,Fact
The sky is blue.,Fact
The Earth is approximately 4.5 billion years old.,Fact
The capital of France is Paris.,Fact
The moon orbits around the Earth.,Fact
The Earth is approximately 4.5 billion years old.,Fact
The capital of France is Paris.,Fact
Plants perform photosynthesis to produce energy.,Fact
Humans breathe oxygen to survive.,Fact
Water boils at 100 degrees Celsius.,Fact
Water boils at 100 degrees Celsius.,Fact
Plants perform photosynthesis to produce energy.,Fact
The moon orbits around the Earth.,Fact
Gravity causes objects to fall towards the Earth.,Fact
The capital of France is Paris.,Fact
The capital of France is Paris.,Fact
The moon orbits around the Earth.,Fact
Mount Everest is the tallest mountain in the world.,Fact
Humans breathe oxygen to survive.,Fact
Water boils at 100 degrees Celsius.,Fact
The Earth is approximately 4.5 billion years old.,Fact
Humans breathe oxygen to survive.,Fact
The capital of France is Paris.,Fact
The moon orbits around the Earth.,Fact
Plants perform photosynthesis to produce energy.,Fact
Humans breathe oxygen to survive.,Fact
The sky is blue.,Fact
Gravity causes objects to fall towards the Earth.,Fact
Humans breathe oxygen to survive.,Fact
Plants perform photosynthesis to produce energy.,Fact
The capital of France is Paris.,Fact
The sky is blue.,Fact
Gravity causes objects to fall towards the Earth.,Fact
Mount Everest is the tallest mountain in the world.,Fact
The capital of France is Paris.,Fact
Water boils at 100 degrees Celsius.,Fact
Humans breathe oxygen to survive.,Fact
The Earth is approximately 4.5 billion years old.,Fact
The sun rises in the east and sets in the west.,Fact
Plants perform photosynthesis to produce energy.,Fact
The Earth is approximately 4.5 billion years old.,Fact
Mount Everest is the tallest mountain in the world.,Fact
Gravity causes objects to fall towards the Earth.,Fact
The Earth is approximately 4.5 billion years old.,Fact
The sky is blue.,Fact
Humans breathe oxygen to survive.,Fact
Gravity causes objects to fall towards the Earth.,Fact
Humans breathe oxygen to survive.,Fact
The capital of France is Paris.,Fact
Gravity causes objects to fall towards the Earth.,Fact
The sun rises in the east and sets in the west.,Fact
Mount Everest is the tallest mountain in the world.,Fact
Mount Everest is the tallest mountain in the world.,Fact
The capital of France is Paris.,Fact
The sky is blue.,Fact
Mount Everest is the tallest mountain in the world.,Fact
Plants perform photosynthesis to produce energy.,Fact
The moon orbits around the Earth.,Fact
The capital of France is Paris.,Fact
The sun rises in the east and sets in the west.,Fact
Gravity causes objects to fall towards the Earth.,Fact
Plants perform photosynthesis to produce energy.,Fact
The sky is blue.,Fact
Gravity causes objects to fall towards the Earth.,Fact
Water boils at 100 degrees Celsius.,Fact
Humans breathe oxygen to survive.,Fact
The sun rises in the east and sets in the west.,Fact
Humans breathe oxygen to survive.,Fact
The sky is blue.,Fact
Mount Everest is the tallest mountain in the world.,Fact
Plants perform photosynthesis to produce energy.,Fact
The sky is blue.,Fact
Water boils at 100 degrees Celsius.,Fact
Mount Everest is the tallest mountain in the world.,Fact
The capital of France is Paris.,Fact
Gravity causes objects to fall towards the Earth.,Fact
The sun rises in the east and sets in the west.,Fact
Gravity causes objects to fall towards the Earth.,Fact
The sky is blue.,Fact
Mount Everest is the tallest mountain in the world.,Fact
Humans breathe oxygen to survive.,Fact
The sun rises in the east and sets in the west.,Fact
The capital of France is Paris.,Fact
The capital of France is Paris.,Fact
Humans breathe oxygen to survive.,Fact
Gravity causes objects to fall towards the Earth.,Fact
Gravity causes objects to fall towards the Earth.,Fact
The Earth is approximately 4.5 billion years old.,Fact
Plants perform photosynthesis to produce energy.,Fact
Humans breathe oxygen to survive.,Fact
The moon orbits around the Earth.,Fact
The moon orbits around the Earth.,Fact
Gravity causes objects to fall towards the Earth.,Fact
The sun rises in the east and sets in the west.,Fact
Humans breathe oxygen to survive.,Fact
Mount Everest is the tallest mountain in the world.,Fact
Plants perform photosynthesis to produce energy.,Fact
Plants perform photosynthesis to produce energy.,Fact
Water boils at 100 degrees Celsius.,Fact
The sun rises in the east and sets in the west.,Fact
The sky is blue.,Fact
Humans breathe oxygen to survive.,Fact
The sky is blue.,Fact
Humans breathe oxygen to survive.,Fact
Mount Everest is the tallest mountain in the world.,Fact
The sun rises in the east and sets in the west.,Fact
Mount Everest is the tallest mountain in the world.,Fact
The sky is blue.,Fact
Plants perform photosynthesis to produce energy.,Fact
Humans breathe oxygen to survive.,Fact
The moon orbits around the Earth.,Fact
Humans breathe oxygen to survive.,Fact
Gravity causes objects to fall towards the Earth.,Fact
Humans breathe oxygen to survive.,Fact
Water boils at 100 degrees Celsius.,Fact
The sun rises in the east and sets in the west.,Fact
The sun rises in the east and sets in the west.,Fact
The capital of France is Paris.,Fact
Water boils at 100 degrees Celsius.,Fact
Mount Everest is the tallest mountain in the world.,Fact
The capital of France is Paris.,Fact
Water boils at 100 degrees Celsius.,Fact
The moon orbits around the Earth.,Fact
The sun rises in the east and sets in the west.,Fact
Plants perform photosynthesis to produce energy.,Fact
Plants perform photosynthesis to produce energy.,Fact
Gravity causes objects to fall towards the Earth.,Fact
Gravity causes objects to fall towards the Earth.,Fact
The capital of France is Paris.,Fact
Water boils at 100 degrees Celsius.,Fact
The moon orbits around the Earth.,Fact
The sun rises in the east and sets in the west.,Fact
Plants perform photosynthesis to produce energy.,Fact
Mount Everest is the tallest mountain in the world.,Fact
